Aluguel,Extras,Localização,Tamanho,Quartos,Banheiros,Link,Bairro
"R$ 1.300 /mês
Preço abaixo do mercado",0.0,"Avenida Ayrton Senna, 2023 - Nova Parnamirim, Parnamirim - RN",69,3 Quartos,2 Banheiros,https://www.vivareal.com.br/imovel/apartamento-3-quartos-nova-parnamirim-bairros-parnamirim-com-garagem-69m2-aluguel-RS1300-id-2747432608/,Nova Parnamirim
R$ 2.500 /mês,0.0,"Avenida Abel Cabral, 577 - Nova Parnamirim, Parnamirim - RN",84,3 Quartos,3 Banheiros,https://www.vivareal.com.br/imovel/apartamento-3-quartos-nova-parnamirim-bairros-parnamirim-com-garagem-84m2-aluguel-RS2500-id-2747423605/,Nova Parnamirim
R$ 1.999 /mês,0.0,"Rua Estrela do Mar, 222 - Nova Parnamirim, Parnamirim - RN",56,2 Quartos,2 Banheiros,https://www.vivareal.com.br/imovel/apartamento-2-quartos-nova-parnamirim-bairros-parnamirim-com-garagem-56m2-aluguel-RS1999-id-2747240284/,Nova Parnamirim
R$ 1.600 /mês,420.0,"Avenida Abel Cabral, 1873 - Nova Parnamirim, Parnamirim - RN",86,3 Quartos,3 Banheiros,https://www.vivareal.com.br/imovel/apartamento-3-quartos-nova-parnamirim-bairros-parnamirim-com-garagem-86m2-aluguel-RS1600-id-2747735048/,Nova Parnamirim
R$ 1.600 /mês,420.0,"Avenida Abel Cabral, 1873 - Nova Parnamirim, Parnamirim - RN",86,3 Quartos,3 Banheiros,https://www.vivareal.com.br/imovel/apartamento-3-quartos-nova-parnamirim-bairros-parnamirim-com-garagem-86m2-aluguel-RS1600-id-2746750808/,Nova Parnamirim
R$ 2.000 /mês,0.0,"Avenida Ayrton Senna, 1000 - Nova Parnamirim, Parnamirim - RN",69,3 Quartos,2 Banheiros,https://www.vivareal.com.br/imovel/apartamento-3-quartos-nova-parnamirim-bairros-parnamirim-com-garagem-69m2-aluguel-RS2000-id-2746278000/,Nova Parnamirim
R$ 2.300 /mês,450.0,"Avenida Maria Lacerda Montenegro, 515 - Nova Parnamirim, Parnamirim - RN",77,3 Quartos,1 Banheiro,https://www.vivareal.com.br/imovel/apartamento-3-quartos-nova-parnamirim-bairros-parnamirim-com-garagem-77m2-aluguel-RS2300-id-2746990246/,Nova Parnamirim
R$ 1.900 /mês,0.0,"Rua Açucena, 184 - Nova Parnamirim, Parnamirim - RN",65,2 Quartos,2 Banheiros,https://www.vivareal.com.br/imovel/apartamento-2-quartos-nova-parnamirim-bairros-parnamirim-com-garagem-65m2-aluguel-RS1900-id-2745130395/,Nova Parnamirim
R$ 1.450 /mês,0.0,"Avenida Ayrton Senna, 1823 - Nova Parnamirim, Parnamirim - RN",67,3 Quartos,2 Banheiros,https://www.vivareal.com.br/imovel/apartamento-3-quartos-nova-parnamirim-bairros-parnamirim-com-garagem-67m2-aluguel-RS1450-id-2740914665/,Nova Parnamirim
R$ 2.300 /mês,1.0,"Avenida Abel Cabral, 2112 - Nova Parnamirim, Parnamirim - RN",77,3 Quartos,2 Banheiros,https://www.vivareal.com.br/imovel/apartamento-3-quartos-nova-parnamirim-bairros-parnamirim-com-garagem-77m2-aluguel-RS2300-id-2747348399/,Nova Parnamirim
R$ 2.300 /mês,1.0,"Avenida Abel Cabral, 332 - Nova Parnamirim, Parnamirim - RN",56,2 Quartos,2 Banheiros,https://www.vivareal.com.br/imovel/apartamento-2-quartos-nova-parnamirim-bairros-parnamirim-com-garagem-56m2-aluguel-RS2300-id-2747347704/,Nova Parnamirim
R$ 1.600 /mês,420.0,"Avenida Abel Cabral, 1873 - Nova Parnamirim, Parnamirim - RN",86,3 Quartos,3 Banheiros,https://www.vivareal.com.br/imovel/apartamento-3-quartos-nova-parnamirim-bairros-parnamirim-com-garagem-86m2-aluguel-RS1600-id-2746148397/,Nova Parnamirim
R$ 2.850 /mês,0.0,"Rua Algarobas, 555 - Nova Parnamirim, Parnamirim - RN",76,3 Quartos,2 Banheiros,https://www.vivareal.com.br/imovel/apartamento-3-quartos-nova-parnamirim-bairros-parnamirim-com-garagem-76m2-aluguel-RS2850-id-2622538719/,Nova Parnamirim
R$ 2.000 /mês,0.0,"Avenida Ayrton Senna, 900 - Nova Parnamirim, Parnamirim - RN",59,2 Quartos,2 Banheiros,https://www.vivareal.com.br/imovel/apartamento-2-quartos-nova-parnamirim-bairros-parnamirim-com-garagem-59m2-aluguel-RS2000-id-2746684952/,Nova Parnamirim
"R$ 1.600 /mês
Preço abaixo do mercado",420.0,"Nova Parnamirim, Parnamirim - RN",86,3 Quartos,3 Banheiros,https://www.vivareal.com.br/imovel/apartamento-3-quartos-nova-parnamirim-bairros-parnamirim-com-garagem-86m2-aluguel-RS1600-id-2745553622/,Nova Parnamirim
R$ 1.000 /mês,260.0,"Avenida Ayrton Senna, 1823 - Nova Parnamirim, Parnamirim - RN",53,2 Quartos,2 Banheiros,https://www.vivareal.com.br/imovel/apartamento-2-quartos-nova-parnamirim-bairros-parnamirim-com-garagem-53m2-aluguel-RS1000-id-2745246533/,Nova Parnamirim
R$ 2.450 /mês,0.0,"Nova Parnamirim, Parnamirim - RN",69,3 Quartos,1 Banheiro,https://www.vivareal.com.br/imovel/apartamento-3-quartos-nova-parnamirim-bairros-parnamirim-com-garagem-69m2-aluguel-RS2450-id-2747240250/,Nova Parnamirim
"R$ 900 /mês
Preço abaixo do mercado",200.0,"Nova Parnamirim, Parnamirim - RN",60,2 Quartos,2 Banheiros,https://www.vivareal.com.br/imovel/apartamento-2-quartos-nova-parnamirim-bairros-parnamirim-com-garagem-60m2-aluguel-RS900-id-2747218503/,Nova Parnamirim
R$ 2.200 /mês,0.0,"Rua Adeodato José dos Reis, 3839 - Nova Parnamirim, Parnamirim - RN",60,3 Quartos,2 Banheiros,https://www.vivareal.com.br/imovel/apartamento-3-quartos-nova-parnamirim-bairros-parnamirim-com-garagem-60m2-aluguel-RS2200-id-2727165740/,Nova Parnamirim
R$ 2.950 /mês,0.0,"Avenida Deputado Gastão Mariz de Faria, 122 - Nova Parnamirim, Parnamirim - RN",76,3 Quartos,2 Banheiros,https://www.vivareal.com.br/imovel/apartamento-3-quartos-nova-parnamirim-bairros-parnamirim-com-garagem-76m2-aluguel-RS2950-id-2746456904/,Nova Parnamirim
R$ 3.000 /mês,0.0,"Avenida Gandhi, 1327 - Nova Parnamirim, Parnamirim - RN",89,3 Quartos,2 Banheiros,https://www.vivareal.com.br/imovel/apartamento-3-quartos-nova-parnamirim-bairros-parnamirim-com-garagem-89m2-aluguel-RS3000-id-2620324235/,Nova Parnamirim
R$ 1.500 /mês,1.0,"Avenida Maria Lacerda Montenegro, 850 - Nova Parnamirim, Parnamirim - RN",50,2 Quartos,1 Banheiro,https://www.vivareal.com.br/imovel/apartamento-2-quartos-nova-parnamirim-bairros-parnamirim-com-garagem-50m2-aluguel-RS1500-id-2568087784/,Nova Parnamirim
R$ 1.300 /mês,300.0,"Nova Parnamirim, Parnamirim - RN",65,2 Quartos,2 Banheiros,https://www.vivareal.com.br/imovel/apartamento-2-quartos-nova-parnamirim-bairros-parnamirim-com-garagem-65m2-aluguel-RS1300-id-2746370393/,Nova Parnamirim
R$ 850 /mês,261.0,"Rua das Embarcações, 50 - Nova Parnamirim, Parnamirim - RN",45,2 Quartos,1 Banheiro,https://www.vivareal.com.br/imovel/apartamento-2-quartos-nova-parnamirim-bairros-parnamirim-com-garagem-45m2-aluguel-RS850-id-2745247322/,Nova Parnamirim
R$ 2.400 /mês,0.0,"Avenida Abel Cabral, 1601 - Nova Parnamirim, Parnamirim - RN",59,2 Quartos,2 Banheiros,https://www.vivareal.com.br/imovel/apartamento-2-quartos-nova-parnamirim-bairros-parnamirim-com-garagem-59m2-aluguel-RS2400-id-2740307450/,Nova Parnamirim
R$ 1.800 /mês,0.0,"Rua dos Cajueiros, 115 - Nova Parnamirim, Parnamirim - RN",56,2 Quartos,2 Banheiros,https://www.vivareal.com.br/imovel/apartamento-2-quartos-nova-parnamirim-bairros-parnamirim-com-garagem-56m2-aluguel-RS1800-id-2746542514/,Nova Parnamirim
R$ 1.400 /mês,0.0,"Avenida Abel Cabral, 2400 - Nova Parnamirim, Parnamirim - RN",48,2 Quartos,1 Banheiro,https://www.vivareal.com.br/imovel/apartamento-2-quartos-nova-parnamirim-bairros-parnamirim-com-garagem-48m2-aluguel-RS1400-id-2744548200/,Nova Parnamirim
R$ 3.000 /mês,0.0,"Rua Adeodato José dos Reis, 1100 - Nova Parnamirim, Parnamirim - RN",75,3 Quartos,2 Banheiros,https://www.vivareal.com.br/imovel/apartamento-3-quartos-nova-parnamirim-bairros-parnamirim-com-garagem-75m2-aluguel-RS3000-id-2743373068/,Nova Parnamirim
R$ 1.999 /mês,0.0,"Rua Janduís, 222 - Nova Parnamirim, Parnamirim - RN",56,2 Quartos,2 Banheiros,https://www.vivareal.com.br/imovel/apartamento-2-quartos-nova-parnamirim-bairros-parnamirim-com-garagem-56m2-aluguel-RS1999-id-2744238868/,Nova Parnamirim
R$ 3.700 /mês,0.0,"Rua Adeodato José dos Reis, 110 - Nova Parnamirim, Parnamirim - RN",77,2 Quartos,2 Banheiros,https://www.vivareal.com.br/imovel/apartamento-2-quartos-nova-parnamirim-bairros-parnamirim-com-garagem-77m2-aluguel-RS3700-id-2698153879/,Nova Parnamirim
"R$ 1.000 /mês
Preço abaixo do mercado",0.0,"Rua Colina das Palmeiras, 124 - Nova Parnamirim, Parnamirim - RN",64,2 Quartos,1 Banheiro,https://www.vivareal.com.br/imovel/apartamento-2-quartos-nova-parnamirim-bairros-parnamirim-com-garagem-64m2-aluguel-RS1000-id-2746712294/,Nova Parnamirim
R$ 2.300 /mês,1.0,"Avenida Abel Cabral, 332 - Nova Parnamirim, Parnamirim - RN",77,3 Quartos,2 Banheiros,https://www.vivareal.com.br/imovel/apartamento-3-quartos-nova-parnamirim-bairros-parnamirim-com-garagem-77m2-aluguel-RS2300-id-2747659693/,Nova Parnamirim
R$ 1.100 /mês,0.0,"Rua Adeodato José dos Reis - Nova Parnamirim, Parnamirim - RN",48,2 Quartos,2 Banheiros,https://www.vivareal.com.br/imovel/apartamento-2-quartos-nova-parnamirim-bairros-parnamirim-com-garagem-48m2-aluguel-RS1100-id-2746239518/,Nova Parnamirim
R$ 1.200 /mês,0.0,"Rua Adail Pamplona de Menezes, 487 - Nova Parnamirim, Parnamirim - RN",67,3 Quartos,1 Banheiro,https://www.vivareal.com.br/imovel/apartamento-3-quartos-nova-parnamirim-bairros-parnamirim-com-garagem-67m2-aluguel-RS1200-id-2743110156/,Nova Parnamirim
R$ 2.480 /mês,0.0,"Rua Adeodato José dos Reis, 1500 - Nova Parnamirim, Parnamirim - RN",80,3 Quartos,2 Banheiros,https://www.vivareal.com.br/imovel/apartamento-3-quartos-nova-parnamirim-bairros-parnamirim-com-garagem-80m2-aluguel-RS2480-id-2720348541/,Nova Parnamirim
R$ 2.300 /mês,0.0,"Avenida Ayrton Senna, 678 - Nova Parnamirim, Parnamirim - RN",70,3 Quartos,2 Banheiros,https://www.vivareal.com.br/imovel/apartamento-3-quartos-nova-parnamirim-bairros-parnamirim-com-garagem-70m2-aluguel-RS2300-id-2744097671/,Nova Parnamirim
"R$ 1.300 /mês
Preço abaixo do mercado",1.0,"Avenida Ayrton Senna, 2023 - Nova Parnamirim, Parnamirim - RN",69,3 Quartos,2 Banheiros,https://www.vivareal.com.br/imovel/apartamento-3-quartos-nova-parnamirim-bairros-parnamirim-com-garagem-69m2-aluguel-RS1400-id-2746477941/,Nova Parnamirim
R$ 2.500 /mês,0.0,"Avenida Abel Cabral, 577 - Nova Parnamirim, Parnamirim - RN",84,3 Quartos,3 Banheiros,https://www.vivareal.com.br/imovel/apartamento-2-quartos-nova-parnamirim-bairros-parnamirim-com-garagem-50m2-aluguel-RS1300-id-2690787072/,Nova Parnamirim
R$ 1.999 /mês,1.0,"Rua Estrela do Mar, 222 - Nova Parnamirim, Parnamirim - RN",56,2 Quartos,2 Banheiros,https://www.vivareal.com.br/imovel/apartamento-2-quartos-nova-parnamirim-bairros-parnamirim-com-garagem-49m2-aluguel-RS1200-id-2743581478/,Nova Parnamirim
R$ 1.600 /mês,595.0,"Avenida Abel Cabral, 1873 - Nova Parnamirim, Parnamirim - RN",86,3 Quartos,3 Banheiros,https://www.vivareal.com.br/imovel/apartamento-2-quartos-nova-parnamirim-bairros-parnamirim-com-garagem-65m2-aluguel-RS850-id-2730447427/,Nova Parnamirim
R$ 1.600 /mês,260.0,"Avenida Abel Cabral, 1873 - Nova Parnamirim, Parnamirim - RN",86,3 Quartos,3 Banheiros,https://www.vivareal.com.br/imovel/apartamento-3-quartos-nova-parnamirim-bairros-parnamirim-com-garagem-65m2-aluguel-RS1250-id-2747739400/,Nova Parnamirim
R$ 2.000 /mês,0.0,"Avenida Ayrton Senna, 1000 - Nova Parnamirim, Parnamirim - RN",69,3 Quartos,2 Banheiros,https://www.vivareal.com.br/imovel/apartamento-3-quartos-nova-parnamirim-bairros-parnamirim-com-garagem-76m2-aluguel-RS2950-id-2747253348/,Nova Parnamirim
R$ 2.300 /mês,0.0,"Avenida Maria Lacerda Montenegro, 515 - Nova Parnamirim, Parnamirim - RN",77,3 Quartos,1 Banheiro,https://www.vivareal.com.br/imovel/apartamento-4-quartos-nova-parnamirim-bairros-parnamirim-com-garagem-175m2-aluguel-RS3000-id-2747950116/,Nova Parnamirim
R$ 1.900 /mês,0.0,"Rua Açucena, 184 - Nova Parnamirim, Parnamirim - RN",65,2 Quartos,2 Banheiros,https://www.vivareal.com.br/imovel/apartamento-3-quartos-nova-parnamirim-bairros-parnamirim-com-garagem-70m2-aluguel-RS1400-id-2747682206/,Nova Parnamirim
R$ 1.450 /mês,0.0,"Avenida Ayrton Senna, 1823 - Nova Parnamirim, Parnamirim - RN",67,3 Quartos,2 Banheiros,https://www.vivareal.com.br/imovel/apartamento-3-quartos-nova-parnamirim-bairros-parnamirim-com-garagem-76m2-aluguel-RS3300-id-2733502229/,Nova Parnamirim
R$ 2.300 /mês,320.0,"Avenida Abel Cabral, 2112 - Nova Parnamirim, Parnamirim - RN",77,3 Quartos,2 Banheiros,https://www.vivareal.com.br/imovel/apartamento-3-quartos-nova-parnamirim-bairros-parnamirim-com-garagem-75m2-venda-RS230000-id-2739958551/,Nova Parnamirim
R$ 2.300 /mês,0.0,"Avenida Abel Cabral, 332 - Nova Parnamirim, Parnamirim - RN",56,2 Quartos,2 Banheiros,https://www.vivareal.com.br/imovel/apartamento-2-quartos-nova-parnamirim-bairros-parnamirim-com-garagem-60m2-aluguel-RS1250-id-2741010638/,Nova Parnamirim
R$ 1.600 /mês,0.0,"Avenida Abel Cabral, 1873 - Nova Parnamirim, Parnamirim - RN",86,3 Quartos,3 Banheiros,https://www.vivareal.com.br/imovel/apartamento-2-quartos-nova-parnamirim-bairros-parnamirim-com-garagem-56m2-aluguel-RS2400-id-2740687595/,Nova Parnamirim
R$ 2.850 /mês,0.0,"Rua Algarobas, 555 - Nova Parnamirim, Parnamirim - RN",76,3 Quartos,2 Banheiros,https://www.vivareal.com.br/imovel/apartamento-3-quartos-nova-parnamirim-bairros-parnamirim-com-garagem-77m2-aluguel-RS3100-id-2738584713/,Nova Parnamirim
R$ 2.000 /mês,1.0,"Avenida Ayrton Senna, 900 - Nova Parnamirim, Parnamirim - RN",59,2 Quartos,2 Banheiros,https://www.vivareal.com.br/imovel/apartamento-2-quartos-nova-parnamirim-bairros-parnamirim-com-garagem-55m2-aluguel-RS1500-id-2747837694/,Nova Parnamirim
"R$ 1.600 /mês
Preço abaixo do mercado",0.0,"Nova Parnamirim, Parnamirim - RN",86,3 Quartos,3 Banheiros,https://www.vivareal.com.br/imovel/apartamento-2-quartos-nova-parnamirim-bairros-parnamirim-com-garagem-60m2-aluguel-RS1400-id-2744034782/,Nova Parnamirim
R$ 1.000 /mês,554.0,"Avenida Ayrton Senna, 1823 - Nova Parnamirim, Parnamirim - RN",53,2 Quartos,2 Banheiros,https://www.vivareal.com.br/imovel/apartamento-3-quartos-nova-parnamirim-bairros-parnamirim-com-garagem-89m2-aluguel-RS2380-id-2710680317/,Nova Parnamirim
R$ 2.450 /mês,0.0,"Nova Parnamirim, Parnamirim - RN",69,3 Quartos,1 Banheiro,https://www.vivareal.com.br/imovel/apartamento-2-quartos-nova-parnamirim-bairros-parnamirim-com-garagem-65m2-venda-RS400000-id-2738764446/,Nova Parnamirim
"R$ 900 /mês
Preço abaixo do mercado",0.0,"Nova Parnamirim, Parnamirim - RN",60,2 Quartos,2 Banheiros,https://www.vivareal.com.br/imovel/apartamento-2-quartos-nova-parnamirim-bairros-parnamirim-com-garagem-50m2-aluguel-RS1250-id-2694464781/,Nova Parnamirim
R$ 2.200 /mês,0.0,"Rua Adeodato José dos Reis, 3839 - Nova Parnamirim, Parnamirim - RN",60,3 Quartos,2 Banheiros,https://www.vivareal.com.br/imovel/apartamento-3-quartos-nova-parnamirim-bairros-parnamirim-com-garagem-75m2-aluguel-RS2000-id-2688370813/,Nova Parnamirim
R$ 2.950 /mês,0.0,"Avenida Deputado Gastão Mariz de Faria, 122 - Nova Parnamirim, Parnamirim - RN",76,3 Quartos,2 Banheiros,https://www.vivareal.com.br/imovel/apartamento-3-quartos-nova-parnamirim-bairros-parnamirim-com-garagem-75m2-aluguel-RS3800-id-2736008722/,Nova Parnamirim
R$ 3.000 /mês,0.0,"Avenida Gandhi, 1327 - Nova Parnamirim, Parnamirim - RN",89,3 Quartos,2 Banheiros,https://www.vivareal.com.br/imovel/apartamento-2-quartos-nova-parnamirim-bairros-parnamirim-com-garagem-58m2-aluguel-RS800-id-2739341838/,Nova Parnamirim
R$ 1.500 /mês,0.0,"Avenida Maria Lacerda Montenegro, 850 - Nova Parnamirim, Parnamirim - RN",50,2 Quartos,1 Banheiro,https://www.vivareal.com.br/imovel/apartamento-3-quartos-nova-parnamirim-bairros-parnamirim-com-garagem-74m2-aluguel-RS1700-id-2747765202/,Nova Parnamirim
R$ 1.300 /mês,0.0,"Nova Parnamirim, Parnamirim - RN",65,2 Quartos,2 Banheiros,https://www.vivareal.com.br/imovel/apartamento-3-quartos-nova-parnamirim-bairros-parnamirim-com-garagem-75m2-venda-RS280000-id-2735661640/,Nova Parnamirim
R$ 850 /mês,1.0,"Rua das Embarcações, 50 - Nova Parnamirim, Parnamirim - RN",45,2 Quartos,1 Banheiro,https://www.vivareal.com.br/imovel/apartamento-3-quartos-nova-parnamirim-bairros-parnamirim-com-garagem-77m2-aluguel-RS3000-id-2747658399/,Nova Parnamirim
R$ 2.400 /mês,1.0,"Avenida Abel Cabral, 1601 - Nova Parnamirim, Parnamirim - RN",59,2 Quartos,2 Banheiros,https://www.vivareal.com.br/imovel/apartamento-2-quartos-nova-parnamirim-bairros-parnamirim-com-garagem-56m2-aluguel-RS2300-id-2747659740/,Nova Parnamirim
R$ 1.800 /mês,0.0,"Rua dos Cajueiros, 115 - Nova Parnamirim, Parnamirim - RN",56,2 Quartos,2 Banheiros,https://www.vivareal.com.br/imovel/apartamento-2-quartos-nova-parnamirim-bairros-parnamirim-com-garagem-59m2-aluguel-RS2300-id-2744620446/,Nova Parnamirim
R$ 1.400 /mês,1.0,"Avenida Abel Cabral, 2400 - Nova Parnamirim, Parnamirim - RN",48,2 Quartos,1 Banheiro,https://www.vivareal.com.br/imovel/apartamento-3-quartos-nova-parnamirim-bairros-parnamirim-com-garagem-84m2-aluguel-RS2400-id-2735574226/,Nova Parnamirim
R$ 3.000 /mês,0.0,"Rua Adeodato José dos Reis, 1100 - Nova Parnamirim, Parnamirim - RN",75,3 Quartos,2 Banheiros,https://www.vivareal.com.br/imovel/apartamento-2-quartos-nova-parnamirim-bairros-parnamirim-49m2-aluguel-RS1200-id-2746846142/,Nova Parnamirim
R$ 1.999 /mês,0.0,"Rua Janduís, 222 - Nova Parnamirim, Parnamirim - RN",56,2 Quartos,2 Banheiros,https://www.vivareal.com.br/imovel/apartamento-2-quartos-nova-parnamirim-bairros-parnamirim-com-garagem-57m2-aluguel-RS1200-id-2745244857/,Nova Parnamirim
R$ 3.700 /mês,810.0,"Rua Adeodato José dos Reis, 110 - Nova Parnamirim, Parnamirim - RN",77,2 Quartos,2 Banheiros,https://www.vivareal.com.br/imovel/apartamento-3-quartos-nova-parnamirim-bairros-parnamirim-com-garagem-79m2-aluguel-RS3000-id-2741011476/,Nova Parnamirim
"R$ 1.000 /mês
Preço abaixo do mercado",0.0,"Rua Colina das Palmeiras, 124 - Nova Parnamirim, Parnamirim - RN",64,2 Quartos,1 Banheiro,https://www.vivareal.com.br/imovel/apartamento-3-quartos-nova-parnamirim-bairros-parnamirim-com-garagem-75m2-aluguel-RS1700-id-2679471526/,Nova Parnamirim
R$ 2.300 /mês,0.0,"Avenida Abel Cabral, 332 - Nova Parnamirim, Parnamirim - RN",77,3 Quartos,2 Banheiros,https://www.vivareal.com.br/imovel/apartamento-3-quartos-nova-parnamirim-bairros-parnamirim-com-garagem-69m2-aluguel-RS2100-id-2684064339/,Nova Parnamirim
R$ 1.100 /mês,0.0,"Rua Adeodato José dos Reis - Nova Parnamirim, Parnamirim - RN",48,2 Quartos,2 Banheiros,https://www.vivareal.com.br/imovel/apartamento-3-quartos-nova-parnamirim-bairros-parnamirim-com-garagem-100m2-aluguel-RS2500-id-2741965356/,Nova Parnamirim
R$ 1.200 /mês,1.0,"Rua Adail Pamplona de Menezes, 487 - Nova Parnamirim, Parnamirim - RN",67,3 Quartos,1 Banheiro,https://www.vivareal.com.br/imovel/apartamento-3-quartos-nova-parnamirim-bairros-parnamirim-com-garagem-70m2-aluguel-RS2200-id-2743523123/,Nova Parnamirim
R$ 2.480 /mês,1.0,"Rua Adeodato José dos Reis, 1500 - Nova Parnamirim, Parnamirim - RN",80,3 Quartos,2 Banheiros,https://www.vivareal.com.br/imovel/apartamento-2-quartos-nova-parnamirim-bairros-parnamirim-com-garagem-56m2-aluguel-RS2200-id-2747658463/,Nova Parnamirim
R$ 2.300 /mês,400.0,"Avenida Ayrton Senna, 678 - Nova Parnamirim, Parnamirim - RN",70,3 Quartos,2 Banheiros,https://www.vivareal.com.br/imovel/apartamento-2-quartos-nova-parnamirim-bairros-parnamirim-com-garagem-72m2-aluguel-RS1200-id-2745367602/,Nova Parnamirim
"R$ 1.300 /mês
Preço abaixo do mercado",0.0,"Avenida Ayrton Senna, 2023 - Nova Parnamirim, Parnamirim - RN",69,3 Quartos,2 Banheiros,https://www.vivareal.com.br/imovel/apartamento-2-quartos-nova-parnamirim-bairros-parnamirim-com-garagem-55m2-venda-RS140000-id-2745246263/,Nova Parnamirim
R$ 2.500 /mês,0.0,"Avenida Abel Cabral, 577 - Nova Parnamirim, Parnamirim - RN",84,3 Quartos,3 Banheiros,https://www.vivareal.com.br/imovel/apartamento-1-quartos-nova-parnamirim-bairros-parnamirim-33m2-aluguel-RS650-id-2746199711/,Nova Parnamirim
R$ 1.999 /mês,0.0,"Rua Estrela do Mar, 222 - Nova Parnamirim, Parnamirim - RN",56,2 Quartos,2 Banheiros,https://www.vivareal.com.br/imovel/apartamento-2-quartos-nova-parnamirim-bairros-parnamirim-com-garagem-56m2-aluguel-RS2400-id-2740736211/,Nova Parnamirim
R$ 1.600 /mês,0.0,"Avenida Abel Cabral, 1873 - Nova Parnamirim, Parnamirim - RN",86,3 Quartos,3 Banheiros,https://www.vivareal.com.br/imovel/apartamento-2-quartos-nova-parnamirim-bairros-parnamirim-com-garagem-59m2-aluguel-RS2500-id-2744012289/,Nova Parnamirim
R$ 1.600 /mês,0.0,"Avenida Abel Cabral, 1873 - Nova Parnamirim, Parnamirim - RN",86,3 Quartos,3 Banheiros,https://www.vivareal.com.br/imovel/apartamento-3-quartos-nova-parnamirim-bairros-parnamirim-com-garagem-77m2-aluguel-RS2550-id-2711078500/,Nova Parnamirim
R$ 2.000 /mês,0.0,"Avenida Ayrton Senna, 1000 - Nova Parnamirim, Parnamirim - RN",69,3 Quartos,2 Banheiros,https://www.vivareal.com.br/imovel/apartamento-2-quartos-nova-parnamirim-bairros-parnamirim-com-garagem-50m2-aluguel-RS1350-id-2714009042/,Nova Parnamirim
R$ 2.300 /mês,350.0,"Avenida Maria Lacerda Montenegro, 515 - Nova Parnamirim, Parnamirim - RN",77,3 Quartos,1 Banheiro,https://www.vivareal.com.br/imovel/apartamento-3-quartos-nova-parnamirim-bairros-parnamirim-com-garagem-70m2-venda-RS160000-id-2747842945/,Nova Parnamirim
R$ 1.900 /mês,0.0,"Rua Açucena, 184 - Nova Parnamirim, Parnamirim - RN",65,2 Quartos,2 Banheiros,https://www.vivareal.com.br/imovel/apartamento-2-quartos-nova-parnamirim-bairros-parnamirim-com-garagem-49m2-aluguel-RS1200-id-2745521588/,Nova Parnamirim
R$ 1.450 /mês,0.0,"Avenida Ayrton Senna, 1823 - Nova Parnamirim, Parnamirim - RN",67,3 Quartos,2 Banheiros,https://www.vivareal.com.br/imovel/apartamento-2-quartos-nova-parnamirim-bairros-parnamirim-com-garagem-75m2-aluguel-RS1200-id-2744972005/,Nova Parnamirim
R$ 2.300 /mês,0.0,"Avenida Abel Cabral, 2112 - Nova Parnamirim, Parnamirim - RN",77,3 Quartos,2 Banheiros,https://www.vivareal.com.br/imovel/apartamento-2-quartos-nova-parnamirim-bairros-parnamirim-com-garagem-59m2-aluguel-RS2599-id-2740740094/,Nova Parnamirim
R$ 2.300 /mês,270.0,"Avenida Abel Cabral, 332 - Nova Parnamirim, Parnamirim - RN",56,2 Quartos,2 Banheiros,https://www.vivareal.com.br/imovel/apartamento-2-quartos-nova-parnamirim-bairros-parnamirim-com-garagem-49m2-aluguel-RS950-id-2698943883/,Nova Parnamirim
R$ 1.600 /mês,730.0,"Avenida Abel Cabral, 1873 - Nova Parnamirim, Parnamirim - RN",86,3 Quartos,3 Banheiros,https://www.vivareal.com.br/imovel/apartamento-3-quartos-nova-parnamirim-bairros-parnamirim-com-garagem-76m2-aluguel-RS2470-id-2738381521/,Nova Parnamirim
R$ 2.850 /mês,0.0,"Rua Algarobas, 555 - Nova Parnamirim, Parnamirim - RN",76,3 Quartos,2 Banheiros,https://www.vivareal.com.br/imovel/apartamento-2-quartos-nova-parnamirim-bairros-parnamirim-com-garagem-59m2-aluguel-RS2350-id-2745187629/,Nova Parnamirim
R$ 2.000 /mês,1.0,"Avenida Ayrton Senna, 900 - Nova Parnamirim, Parnamirim - RN",59,2 Quartos,2 Banheiros,https://www.vivareal.com.br/imovel/apartamento-2-quartos-nova-parnamirim-bairros-parnamirim-com-garagem-59m2-aluguel-RS2300-id-2747697099/,Nova Parnamirim
"R$ 1.600 /mês
Preço abaixo do mercado",0.0,"Nova Parnamirim, Parnamirim - RN",86,3 Quartos,3 Banheiros,https://www.vivareal.com.br/imovel/apartamento-3-quartos-nova-parnamirim-bairros-parnamirim-com-garagem-89m2-venda-RS400000-id-2731490442/,Nova Parnamirim
R$ 1.000 /mês,0.0,"Avenida Ayrton Senna, 1823 - Nova Parnamirim, Parnamirim - RN",53,2 Quartos,2 Banheiros,https://www.vivareal.com.br/imovel/apartamento-2-quartos-nova-parnamirim-bairros-parnamirim-com-garagem-50m2-aluguel-RS1000-id-2736438892/,Nova Parnamirim
R$ 2.450 /mês,0.0,"Nova Parnamirim, Parnamirim - RN",69,3 Quartos,1 Banheiro,https://www.vivareal.com.br/imovel/apartamento-3-quartos-nova-parnamirim-bairros-parnamirim-com-garagem-84m2-aluguel-RS2700-id-2747966320/,Nova Parnamirim
"R$ 900 /mês
Preço abaixo do mercado",0.0,"Nova Parnamirim, Parnamirim - RN",60,2 Quartos,2 Banheiros,https://www.vivareal.com.br/imovel/apartamento-2-quartos-nova-parnamirim-bairros-parnamirim-com-garagem-75m2-aluguel-RS3500-id-2738287821/,Nova Parnamirim
R$ 2.200 /mês,0.0,"Rua Adeodato José dos Reis, 3839 - Nova Parnamirim, Parnamirim - RN",60,3 Quartos,2 Banheiros,https://www.vivareal.com.br/imovel/apartamento-2-quartos-nova-parnamirim-bairros-parnamirim-com-garagem-49m2-aluguel-RS1800-id-2744829100/,Nova Parnamirim
R$ 2.950 /mês,0.0,"Avenida Deputado Gastão Mariz de Faria, 122 - Nova Parnamirim, Parnamirim - RN",76,3 Quartos,2 Banheiros,https://www.vivareal.com.br/imovel/apartamento-3-quartos-nova-parnamirim-bairros-parnamirim-com-garagem-84m2-aluguel-RS2500-id-2745350703/,Nova Parnamirim
R$ 3.000 /mês,0.0,"Avenida Gandhi, 1327 - Nova Parnamirim, Parnamirim - RN",89,3 Quartos,2 Banheiros,https://www.vivareal.com.br/imovel/apartamento-3-quartos-nova-parnamirim-bairros-parnamirim-com-garagem-69m2-aluguel-RS2400-id-2743195456/,Nova Parnamirim
R$ 1.500 /mês,0.0,"Avenida Maria Lacerda Montenegro, 850 - Nova Parnamirim, Parnamirim - RN",50,2 Quartos,1 Banheiro,https://www.vivareal.com.br/imovel/apartamento-3-quartos-nova-parnamirim-bairros-parnamirim-com-garagem-90m2-venda-RS400000-id-2659157177/,Nova Parnamirim
R$ 1.300 /mês,400.0,"Nova Parnamirim, Parnamirim - RN",65,2 Quartos,2 Banheiros,https://www.vivareal.com.br/imovel/apartamento-2-quartos-nova-parnamirim-bairros-parnamirim-com-garagem-57m2-aluguel-RS1600-id-2737051230/,Nova Parnamirim
R$ 850 /mês,0.0,"Rua das Embarcações, 50 - Nova Parnamirim, Parnamirim - RN",45,2 Quartos,1 Banheiro,https://www.vivareal.com.br/imovel/apartamento-3-quartos-nova-parnamirim-bairros-parnamirim-com-garagem-75m2-aluguel-RS1600-id-2688810321/,Nova Parnamirim
R$ 2.400 /mês,0.0,"Avenida Abel Cabral, 1601 - Nova Parnamirim, Parnamirim - RN",59,2 Quartos,2 Banheiros,https://www.vivareal.com.br/imovel/apartamento-3-quartos-nova-parnamirim-bairros-parnamirim-com-garagem-75m2-aluguel-RS1600-id-2746240198/,Nova Parnamirim
R$ 1.800 /mês,0.0,"Rua dos Cajueiros, 115 - Nova Parnamirim, Parnamirim - RN",56,2 Quartos,2 Banheiros,https://www.vivareal.com.br/imovel/apartamento-3-quartos-nova-parnamirim-bairros-parnamirim-com-garagem-76m2-aluguel-RS2950-id-2739615544/,Nova Parnamirim
R$ 1.400 /mês,1.0,"Avenida Abel Cabral, 2400 - Nova Parnamirim, Parnamirim - RN",48,2 Quartos,1 Banheiro,https://www.vivareal.com.br/imovel/apartamento-3-quartos-nova-parnamirim-bairros-parnamirim-com-garagem-80m2-aluguel-RS2950-id-2747659077/,Nova Parnamirim
R$ 3.000 /mês,0.0,"Rua Adeodato José dos Reis, 1100 - Nova Parnamirim, Parnamirim - RN",75,3 Quartos,2 Banheiros,https://www.vivareal.com.br/imovel/apartamento-2-quartos-nova-parnamirim-bairros-parnamirim-com-garagem-57m2-aluguel-RS1600-id-2745030695/,Nova Parnamirim
R$ 1.999 /mês,1.0,"Rua Janduís, 222 - Nova Parnamirim, Parnamirim - RN",56,2 Quartos,2 Banheiros,https://www.vivareal.com.br/imovel/apartamento-3-quartos-nova-parnamirim-bairros-parnamirim-com-garagem-84m2-aluguel-RS2400-id-2735574226/,Nova Parnamirim
R$ 3.700 /mês,0.0,"Rua Adeodato José dos Reis, 110 - Nova Parnamirim, Parnamirim - RN",77,2 Quartos,2 Banheiros,https://www.vivareal.com.br/imovel/apartamento-1-quartos-nova-parnamirim-bairros-parnamirim-com-garagem-40m2-aluguel-RS1100-id-2729521171/,Nova Parnamirim
"R$ 1.000 /mês
Preço abaixo do mercado",529.0,"Rua Colina das Palmeiras, 124 - Nova Parnamirim, Parnamirim - RN",64,2 Quartos,1 Banheiro,https://www.vivareal.com.br/imovel/apartamento-3-quartos-nova-parnamirim-bairros-parnamirim-com-garagem-88m2-venda-RS409000-id-2730275228/,Nova Parnamirim
R$ 2.300 /mês,340.0,"Avenida Abel Cabral, 332 - Nova Parnamirim, Parnamirim - RN",77,3 Quartos,2 Banheiros,https://www.vivareal.com.br/imovel/apartamento-2-quartos-nova-parnamirim-bairros-parnamirim-com-garagem-55m2-aluguel-RS2000-id-2737129125/,Nova Parnamirim
R$ 1.100 /mês,240.0,"Rua Adeodato José dos Reis - Nova Parnamirim, Parnamirim - RN",48,2 Quartos,2 Banheiros,https://www.vivareal.com.br/imovel/apartamento-3-quartos-nova-parnamirim-bairros-parnamirim-com-garagem-65m2-aluguel-RS800-id-2684451737/,Nova Parnamirim
R$ 1.200 /mês,0.0,"Rua Adail Pamplona de Menezes, 487 - Nova Parnamirim, Parnamirim - RN",67,3 Quartos,1 Banheiro,https://www.vivareal.com.br/imovel/apartamento-1-quartos-nova-parnamirim-bairros-parnamirim-36m2-aluguel-RS1000-id-2745211890/,Nova Parnamirim
R$ 2.480 /mês,0.0,"Rua Adeodato José dos Reis, 1500 - Nova Parnamirim, Parnamirim - RN",80,3 Quartos,2 Banheiros,https://www.vivareal.com.br/imovel/apartamento-3-quartos-nova-parnamirim-bairros-parnamirim-com-garagem-74m2-aluguel-RS1600-id-2747961800/,Nova Parnamirim
R$ 2.300 /mês,0.0,"Avenida Ayrton Senna, 678 - Nova Parnamirim, Parnamirim - RN",70,3 Quartos,2 Banheiros,https://www.vivareal.com.br/imovel/apartamento-2-quartos-nova-parnamirim-bairros-parnamirim-com-garagem-55m2-aluguel-RS2400-id-2710481463/,Nova Parnamirim
